timestamp,detections,count,Event.System.Provider,Event ID,Record ID,Computer,Event Data
2023-03-01T06:48:47.295410+00:00,Win Defender Restored Quarantine File,1,Microsoft-Windows-Wcmsvc,1009,6,WIN-7CN8T1OFFG7,"InterfaceGuid: 60DA7FF1-CB9D-461C-A448-2452D7FC6853
MediaType: 1
"
2023-03-01T06:48:50.238684+00:00,File Was Not Allowed To Run,1,Microsoft-Windows-HelloForBusiness,8025,1,WIN-7CN8T1OFFG7,"ServiceName: Microsoft Passport
"
2023-03-01T06:50:00.528398+00:00,Win Defender Restored Quarantine File,1,Microsoft-Windows-Wcmsvc,1009,11,DESKTOP-OJ45OVL,"InterfaceGuid: 60DA7FF1-CB9D-461C-A448-2452D7FC6853
MediaType: 1
"
2023-03-01T06:50:03.485484+00:00,File Was Not Allowed To Run,1,Microsoft-Windows-HelloForBusiness,8025,2,DESKTOP-OJ45OVL,"ServiceName: Microsoft Passport
"
2023-03-01T06:52:03.365701+00:00,File Was Not Allowed To Run,1,Microsoft-Windows-UserPnp,8004,3,DESKTOP-OJ45OVL,"null
"
2023-03-01T06:52:17.615052+00:00,Win Defender Restored Quarantine File,1,Microsoft-Windows-Wcmsvc,1009,22,DESKTOP-OJ45OVL,"InterfaceGuid: 60DA7FF1-CB9D-461C-A448-2452D7FC6853
MediaType: 1
"
2023-03-01T06:52:25.584279+00:00,File Was Not Allowed To Run,1,Microsoft-Windows-HelloForBusiness,8025,3,DESKTOP-OJ45OVL,"ServiceName: Microsoft Passport
"
2023-03-01T06:55:47.180478+00:00,File Was Not Allowed To Run,1,Microsoft-Windows-HelloForBusiness,8025,8,DESKTOP-OJ45OVL,"ServiceName: Microsoft Passport
"
2023-03-01T07:18:31.310779+00:00,Win Defender Restored Quarantine File,1,Microsoft-Windows-Wcmsvc,1009,44,DESKTOP-OJ45OVL,"InterfaceGuid: F09790AF-16DC-4DF1-9EB9-EFD5B587C7C1
MediaType: 1
"
2023-03-01T07:18:31.699738+00:00,File Was Not Allowed To Run,1,Microsoft-Windows-HelloForBusiness,8025,10,DESKTOP-OJ45OVL,"ServiceName: Microsoft Passport
"
2023-03-01T07:34:26.313949+00:00,File Was Not Allowed To Run,1,Microsoft-Windows-HelloForBusiness,8025,15,DESKTOP-OJ45OVL,"ServiceName: Microsoft Passport
"
2023-03-01T18:50:04.168076+00:00,File Was Not Allowed To Run,1,Microsoft-Windows-HelloForBusiness,8025,16,DESKTOP-OJ45OVL,"ServiceName: Microsoft Passport
"
2023-03-02T02:36:56.282251+00:00,File Was Not Allowed To Run,1,Microsoft-Windows-HelloForBusiness,8025,22,DESKTOP-OJ45OVL,"ServiceName: Microsoft Passport
"
2023-03-02T02:38:29.333552+00:00,Suspicious Uncommon Download with BITS from Suspicious TLD,1,Microsoft-Windows-Bits-Client,16403,117,DESKTOP-OJ45OVL,"ClientProcessStartKey: 844424930133173
LocalName: C:\Users\Hunter Pittman\AppData\Local\Microsoft\Windows\Notifications\wpnidm\36378e77.png
RemoteName: http://live-tile-images.scdn.co/tile-medium-burst.png
User: DESKTOP-OJ45OVL\Hunter Pittman
fileCount: 1
jobId: 44F4CF95-8213-43BE-8D63-28C051D508FA
jobOwner: DESKTOP-OJ45OVL\Hunter Pittman
jobTitle: 'Push Notification Platform Job: 1'
processId: 5412
"
2023-03-02T05:14:00.496386+00:00,File Was Not Allowed To Run,1,Microsoft-Windows-HelloForBusiness,8025,28,DESKTOP-OJ45OVL,"ServiceName: Microsoft Passport
"
2023-03-02T05:22:01.253091+00:00,External Remote SMB Logon from Public IP,1,Microsoft-Windows-Security-Auditing,4624,2482,DESKTOP-OJ45OVL,"AuthenticationPackageName: NTLM
ElevatedToken: '%%1843'
ImpersonationLevel: '%%1833'
IpAddress: 192.168.1.9
IpPort: '0'
KeyLength: 128
LmPackageName: NTLM V2
LogonGuid: 00000000-0000-0000-0000-000000000000
LogonProcessName: 'NtLmSsp '
LogonType: 3
ProcessId: '0x0'
ProcessName: '-'
RestrictedAdminMode: '-'
SubjectDomainName: '-'
SubjectLogonId: '0x0'
SubjectUserName: '-'
SubjectUserSid: S-1-0-0
TargetDomainName: DESKTOP-OJ45OVL
TargetLinkedLogonId: '0x0'
TargetLogonId: '0x14cfa3c'
TargetOutboundDomainName: '-'
TargetOutboundUserName: '-'
TargetUserName: Hunter Pittman
TargetUserSid: S-1-5-21-476416551-1421256729-68691567-1001
TransmittedServices: '-'
VirtualAccount: '%%1843'
WorkstationName: hunte-ubuntu
"
2023-03-02T06:30:28.189634+00:00,File Was Not Allowed To Run,1,Microsoft-Windows-HelloForBusiness,8025,30,DESKTOP-OJ45OVL,"ServiceName: Microsoft Passport
"
2023-03-02T06:31:09.680732+00:00,External Remote SMB Logon from Public IP,1,Microsoft-Windows-Security-Auditing,4624,2563,DESKTOP-OJ45OVL,"AuthenticationPackageName: NTLM
ElevatedToken: '%%1843'
ImpersonationLevel: '%%1833'
IpAddress: 192.168.1.222
IpPort: '0'
KeyLength: 128
LmPackageName: NTLM V2
LogonGuid: 00000000-0000-0000-0000-000000000000
LogonProcessName: 'NtLmSsp '
LogonType: 3
ProcessId: '0x0'
ProcessName: '-'
RestrictedAdminMode: '-'
SubjectDomainName: '-'
SubjectLogonId: '0x0'
SubjectUserName: '-'
SubjectUserSid: S-1-0-0
TargetDomainName: DESKTOP-OJ45OVL
TargetLinkedLogonId: '0x0'
TargetLogonId: '0x15f3633'
TargetOutboundDomainName: '-'
TargetOutboundUserName: '-'
TargetUserName: Hunter Pittman
TargetUserSid: S-1-5-21-476416551-1421256729-68691567-1001
TransmittedServices: '-'
VirtualAccount: '%%1843'
WorkstationName: HUNTE-ITX
"
2023-03-02T06:31:15.141037+00:00,External Remote SMB Logon from Public IP,1,Microsoft-Windows-Security-Auditing,4624,2567,DESKTOP-OJ45OVL,"AuthenticationPackageName: NTLM
ElevatedToken: '%%1843'
ImpersonationLevel: '%%1833'
IpAddress: 192.168.1.222
IpPort: '0'
KeyLength: 128
LmPackageName: NTLM V2
LogonGuid: 00000000-0000-0000-0000-000000000000
LogonProcessName: 'NtLmSsp '
LogonType: 3
ProcessId: '0x0'
ProcessName: '-'
RestrictedAdminMode: '-'
SubjectDomainName: '-'
SubjectLogonId: '0x0'
SubjectUserName: '-'
SubjectUserSid: S-1-0-0
TargetDomainName: DESKTOP-OJ45OVL
TargetLinkedLogonId: '0x0'
TargetLogonId: '0x15f39fb'
TargetOutboundDomainName: '-'
TargetOutboundUserName: '-'
TargetUserName: Hunter Pittman
TargetUserSid: S-1-5-21-476416551-1421256729-68691567-1001
TransmittedServices: '-'
VirtualAccount: '%%1843'
WorkstationName: HUNTE-ITX
"
2023-03-02T06:50:04.182970+00:00,File Was Not Allowed To Run,1,Microsoft-Windows-HelloForBusiness,8025,32,DESKTOP-OJ45OVL,"ServiceName: Microsoft Passport
"
2023-03-02T08:23:56.997632+00:00,Win Defender Restored Quarantine File,1,Microsoft-Windows-Wcmsvc,1009,80,DESKTOP-OJ45OVL,"InterfaceGuid: F09790AF-16DC-4DF1-9EB9-EFD5B587C7C1
MediaType: 1
"
2023-03-02T08:24:07.152842+00:00,File Was Not Allowed To Run,1,Microsoft-Windows-HelloForBusiness,8025,33,DESKTOP-OJ45OVL,"ServiceName: Microsoft Passport
"
2023-03-02T19:11:23.786579+00:00,External Remote SMB Logon from Public IP,1,Microsoft-Windows-Security-Auditing,4624,6276,DESKTOP-OJ45OVL,"AuthenticationPackageName: NTLM
ElevatedToken: '%%1843'
ImpersonationLevel: '%%1833'
IpAddress: 192.168.1.222
IpPort: '0'
KeyLength: 128
LmPackageName: NTLM V2
LogonGuid: 00000000-0000-0000-0000-000000000000
LogonProcessName: 'NtLmSsp '
LogonType: 3
ProcessId: '0x0'
ProcessName: '-'
RestrictedAdminMode: '-'
SubjectDomainName: '-'
SubjectLogonId: '0x0'
SubjectUserName: '-'
SubjectUserSid: S-1-0-0
TargetDomainName: DESKTOP-OJ45OVL
TargetLinkedLogonId: '0x0'
TargetLogonId: '0xdd8df8'
TargetOutboundDomainName: '-'
TargetOutboundUserName: '-'
TargetUserName: Hunter Pittman
TargetUserSid: S-1-5-21-476416551-1421256729-68691567-1001
TransmittedServices: '-'
VirtualAccount: '%%1843'
WorkstationName: HUNTE-ITX
"
2023-03-02T19:11:25.310893+00:00,External Remote SMB Logon from Public IP,1,Microsoft-Windows-Security-Auditing,4624,6280,DESKTOP-OJ45OVL,"AuthenticationPackageName: NTLM
ElevatedToken: '%%1843'
ImpersonationLevel: '%%1833'
IpAddress: 192.168.1.222
IpPort: '0'
KeyLength: 128
LmPackageName: NTLM V2
LogonGuid: 00000000-0000-0000-0000-000000000000
LogonProcessName: 'NtLmSsp '
LogonType: 3
ProcessId: '0x0'
ProcessName: '-'
RestrictedAdminMode: '-'
SubjectDomainName: '-'
SubjectLogonId: '0x0'
SubjectUserName: '-'
SubjectUserSid: S-1-0-0
TargetDomainName: DESKTOP-OJ45OVL
TargetLinkedLogonId: '0x0'
TargetLogonId: '0xdd916c'
TargetOutboundDomainName: '-'
TargetOutboundUserName: '-'
TargetUserName: Hunter Pittman
TargetUserSid: S-1-5-21-476416551-1421256729-68691567-1001
TransmittedServices: '-'
VirtualAccount: '%%1843'
WorkstationName: HUNTE-ITX
"
2023-03-02T20:24:08.137536+00:00,File Was Not Allowed To Run,1,Microsoft-Windows-HelloForBusiness,8025,40,DESKTOP-OJ45OVL,"ServiceName: Microsoft Passport
"
2023-03-02T20:29:01.096454+00:00,External Remote SMB Logon from Public IP,1,Microsoft-Windows-Security-Auditing,4624,6397,DESKTOP-OJ45OVL,"AuthenticationPackageName: NTLM
ElevatedToken: '%%1843'
ImpersonationLevel: '%%1833'
IpAddress: 192.168.1.222
IpPort: '0'
KeyLength: 128
LmPackageName: NTLM V2
LogonGuid: 00000000-0000-0000-0000-000000000000
LogonProcessName: 'NtLmSsp '
LogonType: 3
ProcessId: '0x0'
ProcessName: '-'
RestrictedAdminMode: '-'
SubjectDomainName: '-'
SubjectLogonId: '0x0'
SubjectUserName: '-'
SubjectUserSid: S-1-0-0
TargetDomainName: DESKTOP-OJ45OVL
TargetLinkedLogonId: '0x0'
TargetLogonId: '0x177b3f4'
TargetOutboundDomainName: '-'
TargetOutboundUserName: '-'
TargetUserName: Hunter Pittman
TargetUserSid: S-1-5-21-476416551-1421256729-68691567-1001
TransmittedServices: '-'
VirtualAccount: '%%1843'
WorkstationName: HUNTE-ITX
"
2023-03-03T00:53:48.487239+00:00,External Remote SMB Logon from Public IP,1,Microsoft-Windows-Security-Auditing,4624,6586,DESKTOP-OJ45OVL,"AuthenticationPackageName: NTLM
ElevatedToken: '%%1843'
ImpersonationLevel: '%%1833'
IpAddress: 192.168.1.222
IpPort: '0'
KeyLength: 128
LmPackageName: NTLM V2
LogonGuid: 00000000-0000-0000-0000-000000000000
LogonProcessName: 'NtLmSsp '
LogonType: 3
ProcessId: '0x0'
ProcessName: '-'
RestrictedAdminMode: '-'
SubjectDomainName: '-'
SubjectLogonId: '0x0'
SubjectUserName: '-'
SubjectUserSid: S-1-0-0
TargetDomainName: DESKTOP-OJ45OVL
TargetLinkedLogonId: '0x0'
TargetLogonId: '0x1d4dd44'
TargetOutboundDomainName: '-'
TargetOutboundUserName: '-'
TargetUserName: Hunter Pittman
TargetUserSid: S-1-5-21-476416551-1421256729-68691567-1001
TransmittedServices: '-'
VirtualAccount: '%%1843'
WorkstationName: HUNTE-ITX
"
2023-03-03T00:53:49.502780+00:00,External Remote SMB Logon from Public IP,1,Microsoft-Windows-Security-Auditing,4624,6590,DESKTOP-OJ45OVL,"AuthenticationPackageName: NTLM
ElevatedToken: '%%1843'
ImpersonationLevel: '%%1833'
IpAddress: 192.168.1.222
IpPort: '0'
KeyLength: 128
LmPackageName: NTLM V2
LogonGuid: 00000000-0000-0000-0000-000000000000
LogonProcessName: 'NtLmSsp '
LogonType: 3
ProcessId: '0x0'
ProcessName: '-'
RestrictedAdminMode: '-'
SubjectDomainName: '-'
SubjectLogonId: '0x0'
SubjectUserName: '-'
SubjectUserSid: S-1-0-0
TargetDomainName: DESKTOP-OJ45OVL
TargetLinkedLogonId: '0x0'
TargetLogonId: '0x1d4dfcd'
TargetOutboundDomainName: '-'
TargetOutboundUserName: '-'
TargetUserName: Hunter Pittman
TargetUserSid: S-1-5-21-476416551-1421256729-68691567-1001
TransmittedServices: '-'
VirtualAccount: '%%1843'
WorkstationName: HUNTE-ITX
"
2023-03-03T20:51:18.565166+00:00,File Was Not Allowed To Run,1,Microsoft-Windows-HelloForBusiness,8025,46,DESKTOP-OJ45OVL,"ServiceName: Microsoft Passport
"
2023-03-03T20:52:01.595816+00:00,External Remote SMB Logon from Public IP,1,Microsoft-Windows-Security-Auditing,4624,6915,DESKTOP-OJ45OVL,"AuthenticationPackageName: NTLM
ElevatedToken: '%%1843'
ImpersonationLevel: '%%1833'
IpAddress: 192.168.1.9
IpPort: '0'
KeyLength: 128
LmPackageName: NTLM V2
LogonGuid: 00000000-0000-0000-0000-000000000000
LogonProcessName: 'NtLmSsp '
LogonType: 3
ProcessId: '0x0'
ProcessName: '-'
RestrictedAdminMode: '-'
SubjectDomainName: '-'
SubjectLogonId: '0x0'
SubjectUserName: '-'
SubjectUserSid: S-1-0-0
TargetDomainName: DESKTOP-OJ45OVL
TargetLinkedLogonId: '0x0'
TargetLogonId: '0x22c68b3'
TargetOutboundDomainName: '-'
TargetOutboundUserName: '-'
TargetUserName: Hunter Pittman
TargetUserSid: S-1-5-21-476416551-1421256729-68691567-1001
TransmittedServices: '-'
VirtualAccount: '%%1843'
WorkstationName: hunte-ubuntu
"
2023-03-03T20:59:15.850441+00:00,External Remote SMB Logon from Public IP,1,Microsoft-Windows-Security-Auditing,4624,6986,DESKTOP-OJ45OVL,"AuthenticationPackageName: NTLM
ElevatedToken: '%%1843'
ImpersonationLevel: '%%1833'
IpAddress: 192.168.1.9
IpPort: '0'
KeyLength: 128
LmPackageName: NTLM V2
LogonGuid: 00000000-0000-0000-0000-000000000000
LogonProcessName: 'NtLmSsp '
LogonType: 3
ProcessId: '0x0'
ProcessName: '-'
RestrictedAdminMode: '-'
SubjectDomainName: '-'
SubjectLogonId: '0x0'
SubjectUserName: '-'
SubjectUserSid: S-1-0-0
TargetDomainName: DESKTOP-OJ45OVL
TargetLinkedLogonId: '0x0'
TargetLogonId: '0x2545620'
TargetOutboundDomainName: '-'
TargetOutboundUserName: '-'
TargetUserName: Hunter Pittman
TargetUserSid: S-1-5-21-476416551-1421256729-68691567-1001
TransmittedServices: '-'
VirtualAccount: '%%1843'
WorkstationName: hunte-ubuntu
"
2023-03-03T23:24:09.683029+00:00,Win Defender Restored Quarantine File,1,Microsoft-Windows-Wcmsvc,1009,113,DESKTOP-OJ45OVL,"InterfaceGuid: F09790AF-16DC-4DF1-9EB9-EFD5B587C7C1
MediaType: 1
"
2023-03-03T23:24:16.639338+00:00,File Was Not Allowed To Run,1,Microsoft-Windows-HelloForBusiness,8025,49,DESKTOP-OJ45OVL,"ServiceName: Microsoft Passport
"
2023-03-03T23:25:32.191844+00:00,External Remote SMB Logon from Public IP,1,Microsoft-Windows-Security-Auditing,4624,7204,DESKTOP-OJ45OVL,"AuthenticationPackageName: NTLM
ElevatedToken: '%%1843'
ImpersonationLevel: '%%1833'
IpAddress: 192.168.1.9
IpPort: '0'
KeyLength: 128
LmPackageName: NTLM V2
LogonGuid: 00000000-0000-0000-0000-000000000000
LogonProcessName: 'NtLmSsp '
LogonType: 3
ProcessId: '0x0'
ProcessName: '-'
RestrictedAdminMode: '-'
SubjectDomainName: '-'
SubjectLogonId: '0x0'
SubjectUserName: '-'
SubjectUserSid: S-1-0-0
TargetDomainName: DESKTOP-OJ45OVL
TargetLinkedLogonId: '0x0'
TargetLogonId: '0x5ea6e'
TargetOutboundDomainName: '-'
TargetOutboundUserName: '-'
TargetUserName: Hunter Pittman
TargetUserSid: S-1-5-21-476416551-1421256729-68691567-1001
TransmittedServices: '-'
VirtualAccount: '%%1843'
WorkstationName: DESKTOP-3C51MIU
"
2023-03-03T23:25:33.718763+00:00,External Remote SMB Logon from Public IP,1,Microsoft-Windows-Security-Auditing,4624,7208,DESKTOP-OJ45OVL,"AuthenticationPackageName: NTLM
ElevatedToken: '%%1843'
ImpersonationLevel: '%%1833'
IpAddress: 192.168.1.9
IpPort: '0'
KeyLength: 128
LmPackageName: NTLM V2
LogonGuid: 00000000-0000-0000-0000-000000000000
LogonProcessName: 'NtLmSsp '
LogonType: 3
ProcessId: '0x0'
ProcessName: '-'
RestrictedAdminMode: '-'
SubjectDomainName: '-'
SubjectLogonId: '0x0'
SubjectUserName: '-'
SubjectUserSid: S-1-0-0
TargetDomainName: DESKTOP-OJ45OVL
TargetLinkedLogonId: '0x0'
TargetLogonId: '0x5ecc7'
TargetOutboundDomainName: '-'
TargetOutboundUserName: '-'
TargetUserName: Hunter Pittman
TargetUserSid: S-1-5-21-476416551-1421256729-68691567-1001
TransmittedServices: '-'
VirtualAccount: '%%1843'
WorkstationName: DESKTOP-3C51MIU
"
2023-03-03T23:25:34.624348+00:00,External Remote RDP Logon from Public IP,1,Microsoft-Windows-Security-Auditing,4624,7224,DESKTOP-OJ45OVL,"AuthenticationPackageName: Negotiate
ElevatedToken: '%%1842'
ImpersonationLevel: '%%1833'
IpAddress: 192.168.1.9
IpPort: '0'
KeyLength: 0
LmPackageName: '-'
LogonGuid: 00000000-0000-0000-0000-000000000000
LogonProcessName: 'User32 '
LogonType: 10
ProcessId: '0x66c'
ProcessName: C:\Windows\System32\svchost.exe
RestrictedAdminMode: '%%1843'
SubjectDomainName: WORKGROUP
SubjectLogonId: '0x3e7'
SubjectUserName: DESKTOP-OJ45OVL$
SubjectUserSid: S-1-5-18
TargetDomainName: DESKTOP-OJ45OVL
TargetLinkedLogonId: '0x69bfa'
TargetLogonId: '0x69bdb'
TargetOutboundDomainName: '-'
TargetOutboundUserName: '-'
TargetUserName: Hunter Pittman
TargetUserSid: S-1-5-21-476416551-1421256729-68691567-1001
TransmittedServices: '-'
VirtualAccount: '%%1843'
WorkstationName: DESKTOP-OJ45OVL
"
2023-03-03T23:25:34.624367+00:00,External Remote RDP Logon from Public IP,1,Microsoft-Windows-Security-Auditing,4624,7225,DESKTOP-OJ45OVL,"AuthenticationPackageName: Negotiate
ElevatedToken: '%%1843'
ImpersonationLevel: '%%1833'
IpAddress: 192.168.1.9
IpPort: '0'
KeyLength: 0
LmPackageName: '-'
LogonGuid: 00000000-0000-0000-0000-000000000000
LogonProcessName: 'User32 '
LogonType: 10
ProcessId: '0x66c'
ProcessName: C:\Windows\System32\svchost.exe
RestrictedAdminMode: '%%1843'
SubjectDomainName: WORKGROUP
SubjectLogonId: '0x3e7'
SubjectUserName: DESKTOP-OJ45OVL$
SubjectUserSid: S-1-5-18
TargetDomainName: DESKTOP-OJ45OVL
TargetLinkedLogonId: '0x69bdb'
TargetLogonId: '0x69bfa'
TargetOutboundDomainName: '-'
TargetOutboundUserName: '-'
TargetUserName: Hunter Pittman
TargetUserSid: S-1-5-21-476416551-1421256729-68691567-1001
TransmittedServices: '-'
VirtualAccount: '%%1843'
WorkstationName: DESKTOP-OJ45OVL
"
2023-03-03T23:47:45.714316+00:00,External Remote SMB Logon from Public IP,1,Microsoft-Windows-Security-Auditing,4624,7589,DESKTOP-OJ45OVL,"AuthenticationPackageName: NTLM
ElevatedToken: '%%1843'
ImpersonationLevel: '%%1833'
IpAddress: 192.168.1.9
IpPort: '0'
KeyLength: 128
LmPackageName: NTLM V2
LogonGuid: 00000000-0000-0000-0000-000000000000
LogonProcessName: 'NtLmSsp '
LogonType: 3
ProcessId: '0x0'
ProcessName: '-'
RestrictedAdminMode: '-'
SubjectDomainName: '-'
SubjectLogonId: '0x0'
SubjectUserName: '-'
SubjectUserSid: S-1-0-0
TargetDomainName: DESKTOP-OJ45OVL
TargetLinkedLogonId: '0x0'
TargetLogonId: '0x38f62e'
TargetOutboundDomainName: '-'
TargetOutboundUserName: '-'
TargetUserName: Hunter Pittman
TargetUserSid: S-1-5-21-476416551-1421256729-68691567-1001
TransmittedServices: '-'
VirtualAccount: '%%1843'
WorkstationName: localhost-live
"
2023-03-03T23:47:48.389150+00:00,External Remote RDP Logon from Public IP,1,Microsoft-Windows-Security-Auditing,4624,7601,DESKTOP-OJ45OVL,"AuthenticationPackageName: Negotiate
ElevatedToken: '%%1842'
ImpersonationLevel: '%%1833'
IpAddress: 192.168.1.9
IpPort: '0'
KeyLength: 0
LmPackageName: '-'
LogonGuid: 00000000-0000-0000-0000-000000000000
LogonProcessName: 'User32 '
LogonType: 10
ProcessId: '0x66c'
ProcessName: C:\Windows\System32\svchost.exe
RestrictedAdminMode: '%%1843'
SubjectDomainName: WORKGROUP
SubjectLogonId: '0x3e7'
SubjectUserName: DESKTOP-OJ45OVL$
SubjectUserSid: S-1-5-18
TargetDomainName: DESKTOP-OJ45OVL
TargetLinkedLogonId: '0x39a3b6'
TargetLogonId: '0x39a304'
TargetOutboundDomainName: '-'
TargetOutboundUserName: '-'
TargetUserName: Hunter Pittman
TargetUserSid: S-1-5-21-476416551-1421256729-68691567-1001
TransmittedServices: '-'
VirtualAccount: '%%1843'
WorkstationName: DESKTOP-OJ45OVL
"
2023-03-03T23:47:48.389168+00:00,External Remote RDP Logon from Public IP,1,Microsoft-Windows-Security-Auditing,4624,7602,DESKTOP-OJ45OVL,"AuthenticationPackageName: Negotiate
ElevatedToken: '%%1843'
ImpersonationLevel: '%%1833'
IpAddress: 192.168.1.9
IpPort: '0'
KeyLength: 0
LmPackageName: '-'
LogonGuid: 00000000-0000-0000-0000-000000000000
LogonProcessName: 'User32 '
LogonType: 10
ProcessId: '0x66c'
ProcessName: C:\Windows\System32\svchost.exe
RestrictedAdminMode: '%%1843'
SubjectDomainName: WORKGROUP
SubjectLogonId: '0x3e7'
SubjectUserName: DESKTOP-OJ45OVL$
SubjectUserSid: S-1-5-18
TargetDomainName: DESKTOP-OJ45OVL
TargetLinkedLogonId: '0x39a304'
TargetLogonId: '0x39a3b6'
TargetOutboundDomainName: '-'
TargetOutboundUserName: '-'
TargetUserName: Hunter Pittman
TargetUserSid: S-1-5-21-476416551-1421256729-68691567-1001
TransmittedServices: '-'
VirtualAccount: '%%1843'
WorkstationName: DESKTOP-OJ45OVL
"
2023-03-03T23:49:30.783293+00:00,External Remote SMB Logon from Public IP,1,Microsoft-Windows-Security-Auditing,4624,7625,DESKTOP-OJ45OVL,"AuthenticationPackageName: NTLM
ElevatedToken: '%%1843'
ImpersonationLevel: '%%1833'
IpAddress: 192.168.1.9
IpPort: '0'
KeyLength: 128
LmPackageName: NTLM V2
LogonGuid: 00000000-0000-0000-0000-000000000000
LogonProcessName: 'NtLmSsp '
LogonType: 3
ProcessId: '0x0'
ProcessName: '-'
RestrictedAdminMode: '-'
SubjectDomainName: '-'
SubjectLogonId: '0x0'
SubjectUserName: '-'
SubjectUserSid: S-1-0-0
TargetDomainName: DESKTOP-OJ45OVL
TargetLinkedLogonId: '0x0'
TargetLogonId: '0x42c92e'
TargetOutboundDomainName: '-'
TargetOutboundUserName: '-'
TargetUserName: Hunter Pittman
TargetUserSid: S-1-5-21-476416551-1421256729-68691567-1001
TransmittedServices: '-'
VirtualAccount: '%%1843'
WorkstationName: localhost-live
"
2023-03-03T23:49:37.765280+00:00,External Remote RDP Logon from Public IP,1,Microsoft-Windows-Security-Auditing,4624,7637,DESKTOP-OJ45OVL,"AuthenticationPackageName: Negotiate
ElevatedToken: '%%1842'
ImpersonationLevel: '%%1833'
IpAddress: 192.168.1.9
IpPort: '0'
KeyLength: 0
LmPackageName: '-'
LogonGuid: 00000000-0000-0000-0000-000000000000
LogonProcessName: 'User32 '
LogonType: 10
ProcessId: '0x66c'
ProcessName: C:\Windows\System32\svchost.exe
RestrictedAdminMode: '%%1843'
SubjectDomainName: WORKGROUP
SubjectLogonId: '0x3e7'
SubjectUserName: DESKTOP-OJ45OVL$
SubjectUserSid: S-1-5-18
TargetDomainName: DESKTOP-OJ45OVL
TargetLinkedLogonId: '0x43aae0'
TargetLogonId: '0x43a9f2'
TargetOutboundDomainName: '-'
TargetOutboundUserName: '-'
TargetUserName: Hunter Pittman
TargetUserSid: S-1-5-21-476416551-1421256729-68691567-1001
TransmittedServices: '-'
VirtualAccount: '%%1843'
WorkstationName: DESKTOP-OJ45OVL
"
2023-03-03T23:49:37.765297+00:00,External Remote RDP Logon from Public IP,1,Microsoft-Windows-Security-Auditing,4624,7638,DESKTOP-OJ45OVL,"AuthenticationPackageName: Negotiate
ElevatedToken: '%%1843'
ImpersonationLevel: '%%1833'
IpAddress: 192.168.1.9
IpPort: '0'
KeyLength: 0
LmPackageName: '-'
LogonGuid: 00000000-0000-0000-0000-000000000000
LogonProcessName: 'User32 '
LogonType: 10
ProcessId: '0x66c'
ProcessName: C:\Windows\System32\svchost.exe
RestrictedAdminMode: '%%1843'
SubjectDomainName: WORKGROUP
SubjectLogonId: '0x3e7'
SubjectUserName: DESKTOP-OJ45OVL$
SubjectUserSid: S-1-5-18
TargetDomainName: DESKTOP-OJ45OVL
TargetLinkedLogonId: '0x43a9f2'
TargetLogonId: '0x43aae0'
TargetOutboundDomainName: '-'
TargetOutboundUserName: '-'
TargetUserName: Hunter Pittman
TargetUserSid: S-1-5-21-476416551-1421256729-68691567-1001
TransmittedServices: '-'
VirtualAccount: '%%1843'
WorkstationName: DESKTOP-OJ45OVL
"
2023-03-03T23:59:52.378698+00:00,External Remote SMB Logon from Public IP,1,Microsoft-Windows-Security-Auditing,4624,7660,DESKTOP-OJ45OVL,"AuthenticationPackageName: NTLM
ElevatedToken: '%%1843'
ImpersonationLevel: '%%1833'
IpAddress: 192.168.1.9
IpPort: '0'
KeyLength: 128
LmPackageName: NTLM V2
LogonGuid: 00000000-0000-0000-0000-000000000000
LogonProcessName: 'NtLmSsp '
LogonType: 3
ProcessId: '0x0'
ProcessName: '-'
RestrictedAdminMode: '-'
SubjectDomainName: '-'
SubjectLogonId: '0x0'
SubjectUserName: '-'
SubjectUserSid: S-1-0-0
TargetDomainName: DESKTOP-OJ45OVL
TargetLinkedLogonId: '0x0'
TargetLogonId: '0x4d3354'
TargetOutboundDomainName: '-'
TargetOutboundUserName: '-'
TargetUserName: Hunter Pittman
TargetUserSid: S-1-5-21-476416551-1421256729-68691567-1001
TransmittedServices: '-'
VirtualAccount: '%%1843'
WorkstationName: localhost-live
"
2023-03-04T10:15:46.169848+00:00,External Remote SMB Logon from Public IP,1,Microsoft-Windows-Security-Auditing,4624,8109,DESKTOP-OJ45OVL,"AuthenticationPackageName: NTLM
ElevatedToken: '%%1843'
ImpersonationLevel: '%%1833'
IpAddress: 192.168.1.222
IpPort: '0'
KeyLength: 128
LmPackageName: NTLM V2
LogonGuid: 00000000-0000-0000-0000-000000000000
LogonProcessName: 'NtLmSsp '
LogonType: 3
ProcessId: '0x0'
ProcessName: '-'
RestrictedAdminMode: '-'
SubjectDomainName: '-'
SubjectLogonId: '0x0'
SubjectUserName: '-'
SubjectUserSid: S-1-0-0
TargetDomainName: DESKTOP-OJ45OVL
TargetLinkedLogonId: '0x0'
TargetLogonId: '0x1090fa6'
TargetOutboundDomainName: '-'
TargetOutboundUserName: '-'
TargetUserName: Hunter Pittman
TargetUserSid: S-1-5-21-476416551-1421256729-68691567-1001
TransmittedServices: '-'
VirtualAccount: '%%1843'
WorkstationName: HUNTE-ITX
"
2023-03-04T10:15:47.154774+00:00,External Remote SMB Logon from Public IP,1,Microsoft-Windows-Security-Auditing,4624,8113,DESKTOP-OJ45OVL,"AuthenticationPackageName: NTLM
ElevatedToken: '%%1843'
ImpersonationLevel: '%%1833'
IpAddress: 192.168.1.222
IpPort: '0'
KeyLength: 128
LmPackageName: NTLM V2
LogonGuid: 00000000-0000-0000-0000-000000000000
LogonProcessName: 'NtLmSsp '
LogonType: 3
ProcessId: '0x0'
ProcessName: '-'
RestrictedAdminMode: '-'
SubjectDomainName: '-'
SubjectLogonId: '0x0'
SubjectUserName: '-'
SubjectUserSid: S-1-0-0
TargetDomainName: DESKTOP-OJ45OVL
TargetLinkedLogonId: '0x0'
TargetLogonId: '0x10910f5'
TargetOutboundDomainName: '-'
TargetOutboundUserName: '-'
TargetUserName: Hunter Pittman
TargetUserSid: S-1-5-21-476416551-1421256729-68691567-1001
TransmittedServices: '-'
VirtualAccount: '%%1843'
WorkstationName: HUNTE-ITX
"
2023-03-04T10:36:21.397522+00:00,File Was Not Allowed To Run,1,Microsoft-Windows-HelloForBusiness,8025,53,DESKTOP-OJ45OVL,"ServiceName: Microsoft Passport
"
2023-03-04T10:36:21.457011+00:00,File Was Not Allowed To Run,1,Microsoft-Windows-HelloForBusiness,8025,54,DESKTOP-OJ45OVL,"ServiceName: Microsoft Passport Container
"
2023-03-04T23:29:35.190371+00:00,External Remote SMB Logon from Public IP,1,Microsoft-Windows-Security-Auditing,4624,8743,DESKTOP-OJ45OVL,"AuthenticationPackageName: NTLM
ElevatedToken: '%%1843'
ImpersonationLevel: '%%1833'
IpAddress: 192.168.1.222
IpPort: '0'
KeyLength: 128
LmPackageName: NTLM V2
LogonGuid: 00000000-0000-0000-0000-000000000000
LogonProcessName: 'NtLmSsp '
LogonType: 3
ProcessId: '0x0'
ProcessName: '-'
RestrictedAdminMode: '-'
SubjectDomainName: '-'
SubjectLogonId: '0x0'
SubjectUserName: '-'
SubjectUserSid: S-1-0-0
TargetDomainName: DESKTOP-OJ45OVL
TargetLinkedLogonId: '0x0'
TargetLogonId: '0x3358db9'
TargetOutboundDomainName: '-'
TargetOutboundUserName: '-'
TargetUserName: Hunter Pittman
TargetUserSid: S-1-5-21-476416551-1421256729-68691567-1001
TransmittedServices: '-'
VirtualAccount: '%%1843'
WorkstationName: HUNTE-ITX
"
2023-03-04T23:29:36.124993+00:00,External Remote SMB Logon from Public IP,1,Microsoft-Windows-Security-Auditing,4624,8747,DESKTOP-OJ45OVL,"AuthenticationPackageName: NTLM
ElevatedToken: '%%1843'
ImpersonationLevel: '%%1833'
IpAddress: 192.168.1.222
IpPort: '0'
KeyLength: 128
LmPackageName: NTLM V2
LogonGuid: 00000000-0000-0000-0000-000000000000
LogonProcessName: 'NtLmSsp '
LogonType: 3
ProcessId: '0x0'
ProcessName: '-'
RestrictedAdminMode: '-'
SubjectDomainName: '-'
SubjectLogonId: '0x0'
SubjectUserName: '-'
SubjectUserSid: S-1-0-0
TargetDomainName: DESKTOP-OJ45OVL
TargetLinkedLogonId: '0x0'
TargetLogonId: '0x3359046'
TargetOutboundDomainName: '-'
TargetOutboundUserName: '-'
TargetUserName: Hunter Pittman
TargetUserSid: S-1-5-21-476416551-1421256729-68691567-1001
TransmittedServices: '-'
VirtualAccount: '%%1843'
WorkstationName: HUNTE-ITX
"
2023-03-05T02:58:08.871360+00:00,External Remote SMB Logon from Public IP,1,Microsoft-Windows-Security-Auditing,4624,8957,DESKTOP-OJ45OVL,"AuthenticationPackageName: NTLM
ElevatedToken: '%%1843'
ImpersonationLevel: '%%1833'
IpAddress: 192.168.1.9
IpPort: '0'
KeyLength: 128
LmPackageName: NTLM V2
LogonGuid: 00000000-0000-0000-0000-000000000000
LogonProcessName: 'NtLmSsp '
LogonType: 3
ProcessId: '0x0'
ProcessName: '-'
RestrictedAdminMode: '-'
SubjectDomainName: '-'
SubjectLogonId: '0x0'
SubjectUserName: '-'
SubjectUserSid: S-1-0-0
TargetDomainName: DESKTOP-OJ45OVL
TargetLinkedLogonId: '0x0'
TargetLogonId: '0x37f2218'
TargetOutboundDomainName: '-'
TargetOutboundUserName: '-'
TargetUserName: Hunter Pittman
TargetUserSid: S-1-5-21-476416551-1421256729-68691567-1001
TransmittedServices: '-'
VirtualAccount: '%%1843'
WorkstationName: DESKTOP-3C51MIU
"
2023-03-05T03:28:00.242293+00:00,External Remote SMB Logon from Public IP,1,Microsoft-Windows-Security-Auditing,4624,9018,DESKTOP-OJ45OVL,"AuthenticationPackageName: NTLM
ElevatedToken: '%%1843'
ImpersonationLevel: '%%1833'
IpAddress: 192.168.1.9
IpPort: '0'
KeyLength: 128
LmPackageName: NTLM V2
LogonGuid: 00000000-0000-0000-0000-000000000000
LogonProcessName: 'NtLmSsp '
LogonType: 3
ProcessId: '0x0'
ProcessName: '-'
RestrictedAdminMode: '-'
SubjectDomainName: '-'
SubjectLogonId: '0x0'
SubjectUserName: '-'
SubjectUserSid: S-1-0-0
TargetDomainName: DESKTOP-OJ45OVL
TargetLinkedLogonId: '0x0'
TargetLogonId: '0x3a492f6'
TargetOutboundDomainName: '-'
TargetOutboundUserName: '-'
TargetUserName: Hunter Pittman
TargetUserSid: S-1-5-21-476416551-1421256729-68691567-1001
TransmittedServices: '-'
VirtualAccount: '%%1843'
WorkstationName: DESKTOP-3C51MIU
"
2023-03-05T03:48:04.807876+00:00,External Remote SMB Logon from Public IP,1,Microsoft-Windows-Security-Auditing,4624,9040,DESKTOP-OJ45OVL,"AuthenticationPackageName: NTLM
ElevatedToken: '%%1843'
ImpersonationLevel: '%%1833'
IpAddress: 192.168.1.9
IpPort: '0'
KeyLength: 128
LmPackageName: NTLM V2
LogonGuid: 00000000-0000-0000-0000-000000000000
LogonProcessName: 'NtLmSsp '
LogonType: 3
ProcessId: '0x0'
ProcessName: '-'
RestrictedAdminMode: '-'
SubjectDomainName: '-'
SubjectLogonId: '0x0'
SubjectUserName: '-'
SubjectUserSid: S-1-0-0
TargetDomainName: DESKTOP-OJ45OVL
TargetLinkedLogonId: '0x0'
TargetLogonId: '0x3acbf8a'
TargetOutboundDomainName: '-'
TargetOutboundUserName: '-'
TargetUserName: Hunter Pittman
TargetUserSid: S-1-5-21-476416551-1421256729-68691567-1001
TransmittedServices: '-'
VirtualAccount: '%%1843'
WorkstationName: DESKTOP-3C51MIU
"
2023-03-05T06:41:43.218590+00:00,External Remote SMB Logon from Public IP,1,Microsoft-Windows-Security-Auditing,4624,9238,DESKTOP-OJ45OVL,"AuthenticationPackageName: NTLM
ElevatedToken: '%%1843'
ImpersonationLevel: '%%1833'
IpAddress: 192.168.1.9
IpPort: '0'
KeyLength: 128
LmPackageName: NTLM V2
LogonGuid: 00000000-0000-0000-0000-000000000000
LogonProcessName: 'NtLmSsp '
LogonType: 3
ProcessId: '0x0'
ProcessName: '-'
RestrictedAdminMode: '-'
SubjectDomainName: '-'
SubjectLogonId: '0x0'
SubjectUserName: '-'
SubjectUserSid: S-1-0-0
TargetDomainName: DESKTOP-OJ45OVL
TargetLinkedLogonId: '0x0'
TargetLogonId: '0x5403088'
TargetOutboundDomainName: '-'
TargetOutboundUserName: '-'
TargetUserName: Hunter Pittman
TargetUserSid: S-1-5-21-476416551-1421256729-68691567-1001
TransmittedServices: '-'
VirtualAccount: '%%1843'
WorkstationName: DESKTOP-3C51MIU
"
2023-03-05T06:54:20.446008+00:00,External Remote SMB Logon from Public IP,1,Microsoft-Windows-Security-Auditing,4624,9302,DESKTOP-OJ45OVL,"AuthenticationPackageName: NTLM
ElevatedToken: '%%1843'
ImpersonationLevel: '%%1833'
IpAddress: 192.168.1.9
IpPort: '0'
KeyLength: 128
LmPackageName: NTLM V2
LogonGuid: 00000000-0000-0000-0000-000000000000
LogonProcessName: 'NtLmSsp '
LogonType: 3
ProcessId: '0x0'
ProcessName: '-'
RestrictedAdminMode: '-'
SubjectDomainName: '-'
SubjectLogonId: '0x0'
SubjectUserName: '-'
SubjectUserSid: S-1-0-0
TargetDomainName: DESKTOP-OJ45OVL
TargetLinkedLogonId: '0x0'
TargetLogonId: '0x54f0e3b'
TargetOutboundDomainName: '-'
TargetOutboundUserName: '-'
TargetUserName: Hunter Pittman
TargetUserSid: S-1-5-21-476416551-1421256729-68691567-1001
TransmittedServices: '-'
VirtualAccount: '%%1843'
WorkstationName: DESKTOP-3C51MIU
"
2023-03-07T01:50:17.226135+00:00,External Remote SMB Logon from Public IP,1,Microsoft-Windows-Security-Auditing,4624,11367,DESKTOP-OJ45OVL,"AuthenticationPackageName: NTLM
ElevatedToken: '%%1843'
ImpersonationLevel: '%%1833'
IpAddress: 192.168.1.9
IpPort: '0'
KeyLength: 128
LmPackageName: NTLM V2
LogonGuid: 00000000-0000-0000-0000-000000000000
LogonProcessName: 'NtLmSsp '
LogonType: 3
ProcessId: '0x0'
ProcessName: '-'
RestrictedAdminMode: '-'
SubjectDomainName: '-'
SubjectLogonId: '0x0'
SubjectUserName: '-'
SubjectUserSid: S-1-0-0
TargetDomainName: DESKTOP-OJ45OVL
TargetLinkedLogonId: '0x0'
TargetLogonId: '0xa21b7bf'
TargetOutboundDomainName: '-'
TargetOutboundUserName: '-'
TargetUserName: Hunter Pittman
TargetUserSid: S-1-5-21-476416551-1421256729-68691567-1001
TransmittedServices: '-'
VirtualAccount: '%%1843'
WorkstationName: fedora
"
2023-03-07T04:40:35.081570+00:00,External Remote SMB Logon from Public IP,1,Microsoft-Windows-Security-Auditing,4624,11524,DESKTOP-OJ45OVL,"AuthenticationPackageName: NTLM
ElevatedToken: '%%1843'
ImpersonationLevel: '%%1833'
IpAddress: 192.168.1.9
IpPort: '0'
KeyLength: 128
LmPackageName: NTLM V2
LogonGuid: 00000000-0000-0000-0000-000000000000
LogonProcessName: 'NtLmSsp '
LogonType: 3
ProcessId: '0x0'
ProcessName: '-'
RestrictedAdminMode: '-'
SubjectDomainName: '-'
SubjectLogonId: '0x0'
SubjectUserName: '-'
SubjectUserSid: S-1-0-0
TargetDomainName: DESKTOP-OJ45OVL
TargetLinkedLogonId: '0x0'
TargetLogonId: '0xa743bb9'
TargetOutboundDomainName: '-'
TargetOutboundUserName: '-'
TargetUserName: Hunter Pittman
TargetUserSid: S-1-5-21-476416551-1421256729-68691567-1001
TransmittedServices: '-'
VirtualAccount: '%%1843'
WorkstationName: fedora
"
2023-03-08T07:24:21.887623+00:00,Powershell File and Directory Discovery,1,Microsoft-Windows-PowerShell,4104,154,DESKTOP-OJ45OVL,"MessageNumber: 1
MessageTotal: 1
Path: C:\Windows\TEMP\SDIAG_8b432368-a30c-4fea-a5d4-9b0ab95dd230\CL_Utility.ps1
ScriptBlockId: 2bf57f04-e935-4d54-9800-50929e78be63
ScriptBlockText: ""# Copyright © 2008, Microsoft Corporation. All rights reserved.\r\n\r\n\r\n#Common utility functions\r\nImport-LocalizedData -BindingVariable localizationString -FileName CL_LocalizationData\r\n\r\n# Function to get user troubleshooting history\r\nfunction Get-UserTSHistoryPath {\r\n    return \""${env:localappdata}\\diagnostics\""\r\n}\r\n\r\n# Function to get admin troubleshooting history\r\nfunction Get-AdminTSHistoryPath {\r\n    return \""${env:localappdata}\\elevateddiagnostics\""\r\n}\r\n\r\n# Function to get user report folder path\r\nfunction Get-UserReportPath {\r\n    return \""${env:localappdata}\\Microsoft\\Windows\\WER\\ReportQueue\""\r\n}\r\n\r\n# Function to get system report folder path\r\nfunction Get-MachineReportPath {\r\n    return \""${env:AllUsersProfile}\\Microsoft\\Windows\\WER\\ReportQueue\""\r\n}\r\n\r\n# Function to get threshold to check whether a folder is old\r\nfunction Get-ThresholdForCheckOlderFile {\r\n    [int]$threshold = -1\r\n    return $threshold\r\n}\r\n\r\n# Function to get threshold for deleting WER folder\r\nfunction Get-ThresholdForFileDeleting() {\r\n    [string]$registryEntryPath = \""HKLM:\\SOFTWARE\\Microsoft\\Windows\\Windows Error Reporting\""\r\n    [string]$registryEntryName = \""PurgeThreshholdValueInKB\""\r\n    [double]$defaultValue = 10.0\r\n\r\n    return Get-RegistryValue $registryEntryPath $registryEntryName $defaultValue\r\n}\r\n\r\n# Function to get the size of a directory in kb\r\nfunction Get-FolderSize([string]$folder = $(throw \""No folder is specified\"")) {\r\n    if([String]::IsNullOrEmpty($folder) -or (-not(Test-Path $folder))) {\r\n        return 0\r\n    }\r\n\r\n    if(-not $Global:DirectoryObject) {\r\n        $Global:DirectoryObject = New-Object -comobject \""Scripting.FileSystemObject\""\r\n    }\r\n\r\n    return ($Global:DirectoryObject.GetFolder($folder).Size) / 1kb\r\n}\r\n\r\n# Function to delete a folder\r\nfunction Delete-Folder([string]$folder = $(throw \""No folder is specified\"")) {\r\n    if([String]::IsNullOrEmpty($folder) -or (-not(Test-Path $folder))) {\r\n        return\r\n    }\r\n\r\n    Remove-Item -literalPath $folder -Recurse -Force\r\n}\r\n\r\n# Function to delete old folders\r\nfunction Delete-OldFolders($folder=$(throw \""No folder is specified\"")) {\r\n    if(($folder -eq $null) -or (-not(Test-Path $folder))) {\r\n        return\r\n    }\r\n\r\n    [int]$threshold = Get-ThresholdForCheckOlderFile\r\n    $folders = Get-ChildItem -LiteralPath ($folder.FullName) -Force | Where-Object {$_.PSIsContainer}\r\n    if($folders -ne $null) {\r\n        foreach($folder in $folders) {\r\n            if((($folder.CreationTime).CompareTo((Get-Date).AddMonths($threshold))) -lt 0) {\r\n                Delete-Folder ($folder.FullName)\r\n            } else {\r\n                Delete-OldFolders (Get-Item ($folder.FullName))\r\n            }\r\n        }\r\n    }\r\n}\r\n\r\n# Function to get registry value\r\nfunction Get-RegistryValue([string]$registryEntryPath = $(throw \""No registry entry path is specified\""), [string]$registryEntryName = $(throw \""No registry entry name is specified\""), [double]$defaultValue = 0.0) {\r\n    [double]$registryEntryValue = $defaultValue\r\n\r\n    $registryEntry = Get-ItemProperty -Path $registryEntryPath -Name $registryEntryName\r\n    if($registryEntry -ne $null) {\r\n        $registryEntryValue = $registryEntry.$registryEntryName\r\n    }\r\n\r\n\treturn $registryEntryValue\r\n}\r\n\r\n# Function to get the percentage that WER queue can take up\r\nfunction Get-Percentage() {\r\n    [string]$registryEntryPath = \""HKLM:\\SOFTWARE\\Microsoft\\Windows\\Windows Error Reporting\""\r\n    [string]$registryEntryName = \""MaxQueueSizePercentage\""\r\n    [double]$defaultValue = 100.0\r\n\r\n    return Get-RegistryValue $registryEntryPath $registryEntryName $defaultValue\r\n}\r\n\r\n# Function to get free disk space on machine\r\nfunction Get-FreeSpace {\r\n    [double]$freeSpace = 0.0\r\n    [string]$wql = \""SELECT * FROM Win32_LogicalDisk WHERE MediaType=12\""\r\n    $drives = Get-WmiObject -query $wql\r\n    if($null -ne $drives) {\r\n        foreach($drive in $drives) {\r\n            $freeSpace += ($drive.freeSpace)\r\n        }\r\n    }\r\n\r\n    return ($freeSpace / 1KB)\r\n}\r\n\r\n# Function to get all unnecessary files\r\nfunction Get-UnnecessaryFiles([string]$folder = $(throw \""No folder is specified\"")) {\r\n    if([String]::IsNullOrEmpty($folder) -or (-not(Test-Path $folder))) {\r\n        return $null\r\n    }\r\n\r\n    [int]$threshold = Get-ThresholdForCheckOlderFile\r\n\r\n    return (Get-ChildItem -literalPath $folder -Recurse -Force | Where-Object {($_.PSIsContainer) -and ((($_.CreationTime).CompareTo((Get-Date).AddMonths($threshold))) -lt 0)})\r\n}\r\n\r\n# Function to format disk space (KB -> MB)\r\nfunction Format-DiskSpaceMB([double]$space = $(throw \""No space is specified\"")) {\r\n    return [string]([Math]::Round(($space / 1KB), 3))\r\n}\r\n\r\n# Function to format disk space (B -> GB)\r\nFunction Format-DiskSpaceGB([double]$space = $(throw \""No space is specified\"")) {\r\n    return [string]([Math]::Round(($space / 1GB), 3))\r\n}\r\n\r\n# Function to attach item to the list with delimiter \""/\""\r\nfunction AttachTo-List([string]$list = $(throw \""No list is specified\""), [string]$item = $(throw \""No item is specified\""))\r\n{\r\n    if([String]::IsNullOrEmpty($list))\r\n    {\r\n        return $item\r\n    }\r\n\r\n    if([String]::IsNullOrEmpty($item))\r\n    {\r\n        return $list\r\n    }\r\n\r\n    return $list + \""/\"" + $item\r\n}\r\n\r\n# Function to parse the the list with delimiter \""/\""\r\nfunction Parse-List([string]$list = $(throw \""No list is specified\""))\r\n{\r\n    if($list -eq $null)\r\n    {\r\n        return $null\r\n    }\r\n\r\n    return $list.Split(\""/\"", [StringSplitOptions]::RemoveEmptyEntries)\r\n}\r\n\r\n# Function to get list length\r\nfunction Get-ListLength([string]$list = $(throw \""No list is specified\""))\r\n{\r\n    if($list -eq $null)\r\n    {\r\n        return 0\r\n    }\r\n\r\n    $result = Parse-List $list\r\n\r\n    if($result -is [string])\r\n    {\r\n        return 1\r\n    }\r\n    elseif($result -is [object[]])\r\n    {\r\n        return $result.count\r\n    }\r\n    else\r\n    {\r\n        return 0\r\n    }\r\n}\r\n\r\n# Function to convert to WQL path\r\nfunction ConvertTo-WQLPath([string]$wqlPath = $(throw \""No WQL path is specified\""))\r\n{\r\n    if($wqlPath -eq $null)\r\n    {\r\n        return \""\""\r\n    }\r\n\r\n    return $wqlPath.Replace(\""\\\"", \""\\\\\"")\r\n}\r\n\r\n# Function to check whether the shortcut is valid\r\nfunction Test-ValidLink([Wmi]$wmiLinkFile = $(throw \""No WMI link file is specified\""))\r\n{\r\n    if(($wmiLinkFile -eq $null) -or ([String]::IsNullOrEmpty($wmiLinkFile.Target)))\r\n    {\r\n        return $false\r\n    }\r\n\r\n    return Test-Path $wmiLinkFile.Target\r\n}\r\n\r\n# Function to chech whether have permission to delete the shortcut file\r\nfunction Test-Delete([Wmi]$wmiLinkFile = $(throw \""No WMI link file is specified\""))\r\n{\r\n    if($wmiLinkFile -eq $null)\r\n    {\r\n        return $false\r\n    }\r\n\r\n    return ($wmiLinkFile.AccessMask -band 0x10000) -eq 0x10000\r\n}\r\n\r\n# Function to get desktop path\r\nfunction Get-DesktopPath()\r\n{\r\n$methodDefinition = @\""\r\n    public static string GetDesktopPath\r\n    {\r\n        get\r\n        {\r\n            return Environment.GetFolderPath(Environment.SpecialFolder.DesktopDirectory);\r\n        }\r\n    }\r\n\""@\r\n\r\n    $type = Add-Type -MemberDefinition $methodDefinition -Name \""DesktopPath\"" -PassThru\r\n\r\n    return $type::GetDesktopPath\r\n}\r\n\r\n# Function to get startup path\r\nfunction Get-StartupPath()\r\n{\r\n$methodDefinition = @\""\r\n    public static string GetStartupPath\r\n    {\r\n        get\r\n        {\r\n            return Environment.GetFolderPath(Environment.SpecialFolder.Startup);\r\n        }\r\n    }\r\n\""@\r\n\r\n    $type = Add-Type -MemberDefinition $methodDefinition -Name \""StartupPath\"" -PassThru\r\n\r\n    return $type::GetStartupPath\r\n}\r\n\r\n# Function to remove all files in the list\r\nfunction Remove-FileList([string]$list = $(throw \""No list is specified\""))\r\n{\r\n    if([String]::IsNullOrEmpty($list))\r\n    {\r\n        return\r\n    }\r\n\r\n    try\r\n    {\r\n        Parse-List $list | Foreach-Object {\r\n            if(-not([String]::IsNullOrEmpty($_)))\r\n            {\r\n                Remove-Item $_ -Force\r\n            }\r\n        }\r\n    }\r\n    catch\r\n    {\r\n        $_ | ConvertTo-Xml | Update-DiagReport -id DeleteFileExceptions -Name $localizationString.filesFailToRemove_name -Description $localizationString.filesFailToRemove_description -Verbosity Warning\r\n    }\r\n}\r\n\r\n# Function to get the last access time of an Icon\r\nfunction Get-LastAccessTime([string]$filePath = $(throw \""No file path is specified\""))\r\n{\r\n    if([String]::IsNullOrEmpty($filePath) -or -not(Test-Path $filePath))\r\n    {\r\n        throw \""No file path found\""\r\n    }\r\n\r\n$typeDefinition = @\""\r\n\r\nusing System;\r\nusing System.Collections.Generic;\r\nusing System.Runtime.InteropServices;\r\nusing ComType = System.Runtime.InteropServices.ComTypes;\r\n\r\npublic sealed class FileInfo\r\n{\r\n    private FileInfo()\r\n    {\r\n    }\r\n\r\n    [StructLayout(LayoutKind.Sequential, CharSet = CharSet.Unicode)]\r\n    struct UAINFO\r\n    {\r\n        internal int cbSize;\r\n        internal int dwMask;\r\n        internal float R;\r\n        internal uint cLaunches;\r\n        internal uint cSwitches;\r\n        internal int dwTime;\r\n        internal ComType.FILETIME ftExecute;\r\n        [MarshalAs(UnmanagedType.Bool)] internal bool fExcludeFromMFU;\r\n\r\n        internal UAINFO(int dwMask)\r\n        {\r\n            this.cbSize = Marshal.SizeOf(typeof(UAINFO));\r\n            this.dwMask = dwMask;\r\n            this.R = 0;\r\n            this.cLaunches = 0;\r\n            this.cSwitches = 0;\r\n            this.dwTime = 0;\r\n            this.ftExecute = new ComType.FILETIME();\r\n            this.fExcludeFromMFU = false;\r\n        }\r\n    }\r\n\r\n    internal const int UAIM_FILETIME = 1;\r\n    internal static Guid UAIID_SHORTCUTS = new Guid(\""F4E57C4B-2036-45F0-A9AB-443BCFE33D9F\"");\r\n\r\n    [ComImport, Guid(\""90D75131-43A6-4664-9AF8-DCCEB85A7462\""), InterfaceType(ComInterfaceType.InterfaceIsIUnknown)]\r\n    interface IShellUserAssist\r\n    {\r\n        int FireEvent(ref Guid pguidGrp, int eCmd, string pszPath, int dwTimeElapsed);\r\n        int QueryEntry(ref Guid pguidGrp, string pszPath, ref UAINFO pui);\r\n        int SetEntry(ref Guid pguidGrp, string pszPath, ref UAINFO pui);\r\n        int RenameEntry(ref Guid pguidGrp, string pszFrom, string pszTo);\r\n        int DeleteEntry(ref Guid pguidGrp, string pszPath);\r\n        int Enable(bool fEnable);\r\n    }\r\n\r\n    [ComImport, Guid(\""DD313E04-FEFF-11d1-8ECD-0000F87A470C\"")]\r\n    internal class UserAssist { }\r\n\r\n    public static DateTime GetLastAccessTime(string filePath)\r\n    {\r\n        if(String.IsNullOrEmpty(filePath))\r\n        {\r\n            throw new ArgumentException(\""The file path is null or empty\"");\r\n        }\r\n\r\n        UAINFO uaInfo = new UAINFO(UAIM_FILETIME);\r\n        IShellUserAssist iShellUserAssist = new UserAssist() as IShellUserAssist;\r\n        if (iShellUserAssist == null)\r\n        {\r\n            throw new InvalidOperationException(\""Can't get iShellUserAssist interface\"");\r\n        }\r\n\r\n        try\r\n        {\r\n            Marshal.ThrowExceptionForHR(iShellUserAssist.QueryEntry(ref UAIID_SHORTCUTS, filePath, ref uaInfo));\r\n        }\r\n        catch\r\n        {\r\n            throw new InvalidOperationException(\""Can't query info about\"" + filePath);\r\n        }\r\n\r\n        long fileTime = (((long)uaInfo.ftExecute.dwHighDateTime) << 32) + uaInfo.ftExecute.dwLowDateTime;\r\n\r\n        return DateTime.FromFileTime(fileTime);\r\n    }\r\n}\r\n\""@\r\n\r\n    $type = Add-Type -TypeDefinition $typeDefinition -PassThru\r\n\r\n    return $type[0]::GetLastAccessTime($filePath)\r\n}\r\n\r\n# Function to check whether the icon is pointing to a file\r\nfunction Test-FileShortcut([Wmi]$wmiLinkFile = $(throw \""No wmi link file is specified\""))\r\n{\r\n    if($wmiLinkFile -eq $null)\r\n    {\r\n        return $false\r\n    }\r\n\r\n    [string]$target = $wmiLinkFile.Target\r\n    if([String]::IsNullOrEmpty($target) -or -not(Test-Path $target))\r\n    {\r\n        return $false\r\n    }\r\n\r\n    return -not((Get-Item $target).PSIsContainer)\r\n}\r\n\r\n# Function to create a choice in interaction page\r\nfunction Get-Choice([string]$name = $(throw \""No choice name is specified\""), [string]$description = $(throw \""No choice description is specified\""),\r\n                   [string]$value = $(throw \""No choice value is specified\""), [xml]$extension)\r\n{\r\n    return @{\""Name\""=$name;\""Description\""=$description;\""Value\""=$value;\""ExtensionPoint\""=$extension.InnerXml}\r\n}\r\n\r\n# Function to check whether the current machine is domain joined\r\nFunction Test-DomainJoined()\r\n{\r\n    return (Get-WmiObject -query \""select * from win32_ntdomain where Status ='OK'\"") -ne $null\r\n}\r\n\r\n# Function to update time source\r\nFunction Update-TimeSource([string]$timeSource = $(throw \""No time source is specified\""))\r\n{\r\n    w32tm.exe /config /update /manualpeerlist:\""$timeSource\""\r\n}\r\n\r\n# Function to get system drive info\r\nfunction Get-SystemDriveInfo() {\r\n    [string]$wql = \""SELECT * FROM Win32_LogicalDisk WHERE MediaType=12 AND Name = '\"" + ${env:systemdrive} + \""'\""\r\n    return Get-WmiObject -query $wql\r\n}\r\n\r\n# Function to get time service status\r\nfunction Get-ServiceStatus([string]$serviceName=$(throw \""No service name is specified\"")) {\r\n   [bool]$startService = $true\r\n\r\n   [WMI]$timeService = @(Get-WmiObject -Query \""Select * From Win32_Service Where Name = `\""$serviceName`\""\"")[0]\r\n   if($null -ne $timeService) {\r\n      [ServiceProcess.ServiceControllerStatus]$timeServicesStatus = (Get-Service $serviceName).Status\r\n      if(([ServiceProcess.ServiceControllerStatus]::Stopped -eq $timeServicesStatus) -or ([ServiceProcess.ServiceControllerStatus]::StopPending -eq $timeServicesStatus)) {\r\n         $startService = $false\r\n      }\r\n   }\r\n\r\n   return $startService\r\n}\r\n\r\n# Function to wait for expected service status\r\nfunction WaitFor-ServiceStatus([string]$serviceName=$(throw \""No service name is specified\""), [ServiceProcess.ServiceControllerStatus]$serviceStatus=$(throw \""No service status is specified\"")) {\r\n    [ServiceProcess.ServiceController]$sc = New-Object \""ServiceProcess.ServiceController\"" $serviceName\r\n    [TimeSpan]$timeOut = New-Object TimeSpan(0,0,0,5,0)\r\n    $sc.WaitForStatus($serviceStatus, $timeOut)\r\n}""
"
2023-03-08T20:53:40.868271+00:00,Win Defender Restored Quarantine File,1,Microsoft-Windows-Wcmsvc,1009,150,DESKTOP-OJ45OVL,"InterfaceGuid: F09790AF-16DC-4DF1-9EB9-EFD5B587C7C1
MediaType: 1
"
2023-03-08T20:53:45.630099+00:00,File Was Not Allowed To Run,1,Microsoft-Windows-HelloForBusiness,8025,56,DESKTOP-OJ45OVL,"ServiceName: Microsoft Passport
"
2023-03-08T20:55:33.518547+00:00,External Remote SMB Logon from Public IP,1,Microsoft-Windows-Security-Auditing,4624,13524,DESKTOP-OJ45OVL,"AuthenticationPackageName: NTLM
ElevatedToken: '%%1843'
ImpersonationLevel: '%%1833'
IpAddress: 192.168.1.9
IpPort: '0'
KeyLength: 128
LmPackageName: NTLM V2
LogonGuid: 00000000-0000-0000-0000-000000000000
LogonProcessName: 'NtLmSsp '
LogonType: 3
ProcessId: '0x0'
ProcessName: '-'
RestrictedAdminMode: '-'
SubjectDomainName: '-'
SubjectLogonId: '0x0'
SubjectUserName: '-'
SubjectUserSid: S-1-0-0
TargetDomainName: DESKTOP-OJ45OVL
TargetLinkedLogonId: '0x0'
TargetLogonId: '0x5b5fc'
TargetOutboundDomainName: '-'
TargetOutboundUserName: '-'
TargetUserName: Hunter Pittman
TargetUserSid: S-1-5-21-476416551-1421256729-68691567-1001
TransmittedServices: '-'
VirtualAccount: '%%1843'
WorkstationName: DESKTOP-3C51MIU
"
2023-03-08T20:55:35.653075+00:00,External Remote RDP Logon from Public IP,1,Microsoft-Windows-Security-Auditing,4624,13536,DESKTOP-OJ45OVL,"AuthenticationPackageName: Negotiate
ElevatedToken: '%%1842'
ImpersonationLevel: '%%1833'
IpAddress: 192.168.1.9
IpPort: '0'
KeyLength: 0
LmPackageName: '-'
LogonGuid: 00000000-0000-0000-0000-000000000000
LogonProcessName: 'User32 '
LogonType: 10
ProcessId: '0x5d8'
ProcessName: C:\Windows\System32\svchost.exe
RestrictedAdminMode: '%%1843'
SubjectDomainName: WORKGROUP
SubjectLogonId: '0x3e7'
SubjectUserName: DESKTOP-OJ45OVL$
SubjectUserSid: S-1-5-18
TargetDomainName: DESKTOP-OJ45OVL
TargetLinkedLogonId: '0x64209'
TargetLogonId: '0x641ea'
TargetOutboundDomainName: '-'
TargetOutboundUserName: '-'
TargetUserName: Hunter Pittman
TargetUserSid: S-1-5-21-476416551-1421256729-68691567-1001
TransmittedServices: '-'
VirtualAccount: '%%1843'
WorkstationName: DESKTOP-OJ45OVL
"
2023-03-08T20:55:35.653089+00:00,External Remote RDP Logon from Public IP,1,Microsoft-Windows-Security-Auditing,4624,13537,DESKTOP-OJ45OVL,"AuthenticationPackageName: Negotiate
ElevatedToken: '%%1843'
ImpersonationLevel: '%%1833'
IpAddress: 192.168.1.9
IpPort: '0'
KeyLength: 0
LmPackageName: '-'
LogonGuid: 00000000-0000-0000-0000-000000000000
LogonProcessName: 'User32 '
LogonType: 10
ProcessId: '0x5d8'
ProcessName: C:\Windows\System32\svchost.exe
RestrictedAdminMode: '%%1843'
SubjectDomainName: WORKGROUP
SubjectLogonId: '0x3e7'
SubjectUserName: DESKTOP-OJ45OVL$
SubjectUserSid: S-1-5-18
TargetDomainName: DESKTOP-OJ45OVL
TargetLinkedLogonId: '0x641ea'
TargetLogonId: '0x64209'
TargetOutboundDomainName: '-'
TargetOutboundUserName: '-'
TargetUserName: Hunter Pittman
TargetUserSid: S-1-5-21-476416551-1421256729-68691567-1001
TransmittedServices: '-'
VirtualAccount: '%%1843'
WorkstationName: DESKTOP-OJ45OVL
"
2023-03-08T20:59:46.556241+00:00,External Remote SMB Logon from Public IP,1,Microsoft-Windows-Security-Auditing,4624,13628,DESKTOP-OJ45OVL,"AuthenticationPackageName: NTLM
ElevatedToken: '%%1843'
ImpersonationLevel: '%%1833'
IpAddress: 192.168.1.9
IpPort: '0'
KeyLength: 128
LmPackageName: NTLM V2
LogonGuid: 00000000-0000-0000-0000-000000000000
LogonProcessName: 'NtLmSsp '
LogonType: 3
ProcessId: '0x0'
ProcessName: '-'
RestrictedAdminMode: '-'
SubjectDomainName: '-'
SubjectLogonId: '0x0'
SubjectUserName: '-'
SubjectUserSid: S-1-0-0
TargetDomainName: DESKTOP-OJ45OVL
TargetLinkedLogonId: '0x0'
TargetLogonId: '0x1c4a62'
TargetOutboundDomainName: '-'
TargetOutboundUserName: '-'
TargetUserName: Hunter Pittman
TargetUserSid: S-1-5-21-476416551-1421256729-68691567-1001
TransmittedServices: '-'
VirtualAccount: '%%1843'
WorkstationName: DESKTOP-3C51MIU
"
2023-03-08T21:09:35.902222+00:00,External Remote SMB Logon from Public IP,1,Microsoft-Windows-Security-Auditing,4624,13662,DESKTOP-OJ45OVL,"AuthenticationPackageName: NTLM
ElevatedToken: '%%1843'
ImpersonationLevel: '%%1833'
IpAddress: 192.168.1.9
IpPort: '0'
KeyLength: 128
LmPackageName: NTLM V2
LogonGuid: 00000000-0000-0000-0000-000000000000
LogonProcessName: 'NtLmSsp '
LogonType: 3
ProcessId: '0x0'
ProcessName: '-'
RestrictedAdminMode: '-'
SubjectDomainName: '-'
SubjectLogonId: '0x0'
SubjectUserName: '-'
SubjectUserSid: S-1-0-0
TargetDomainName: DESKTOP-OJ45OVL
TargetLinkedLogonId: '0x0'
TargetLogonId: '0x390ee3'
TargetOutboundDomainName: '-'
TargetOutboundUserName: '-'
TargetUserName: Hunter Pittman
TargetUserSid: S-1-5-21-476416551-1421256729-68691567-1001
TransmittedServices: '-'
VirtualAccount: '%%1843'
WorkstationName: DESKTOP-3C51MIU
"
2023-03-08T21:26:29.409858+00:00,External Remote SMB Logon from Public IP,1,Microsoft-Windows-Security-Auditing,4624,13714,DESKTOP-OJ45OVL,"AuthenticationPackageName: NTLM
ElevatedToken: '%%1843'
ImpersonationLevel: '%%1833'
IpAddress: 192.168.1.9
IpPort: '0'
KeyLength: 128
LmPackageName: NTLM V2
LogonGuid: 00000000-0000-0000-0000-000000000000
LogonProcessName: 'NtLmSsp '
LogonType: 3
ProcessId: '0x0'
ProcessName: '-'
RestrictedAdminMode: '-'
SubjectDomainName: '-'
SubjectLogonId: '0x0'
SubjectUserName: '-'
SubjectUserSid: S-1-0-0
TargetDomainName: DESKTOP-OJ45OVL
TargetLinkedLogonId: '0x0'
TargetLogonId: '0x476527'
TargetOutboundDomainName: '-'
TargetOutboundUserName: '-'
TargetUserName: Hunter Pittman
TargetUserSid: S-1-5-21-476416551-1421256729-68691567-1001
TransmittedServices: '-'
VirtualAccount: '%%1843'
WorkstationName: DESKTOP-3C51MIU
"
2023-03-08T23:20:30.819713+00:00,External Remote SMB Logon from Public IP,1,Microsoft-Windows-Security-Auditing,4624,13806,DESKTOP-OJ45OVL,"AuthenticationPackageName: NTLM
ElevatedToken: '%%1843'
ImpersonationLevel: '%%1833'
IpAddress: 192.168.1.9
IpPort: '0'
KeyLength: 128
LmPackageName: NTLM V2
LogonGuid: 00000000-0000-0000-0000-000000000000
LogonProcessName: 'NtLmSsp '
LogonType: 3
ProcessId: '0x0'
ProcessName: '-'
RestrictedAdminMode: '-'
SubjectDomainName: '-'
SubjectLogonId: '0x0'
SubjectUserName: '-'
SubjectUserSid: S-1-0-0
TargetDomainName: DESKTOP-OJ45OVL
TargetLinkedLogonId: '0x0'
TargetLogonId: '0x6bc8be'
TargetOutboundDomainName: '-'
TargetOutboundUserName: '-'
TargetUserName: Hunter Pittman
TargetUserSid: S-1-5-21-476416551-1421256729-68691567-1001
TransmittedServices: '-'
VirtualAccount: '%%1843'
WorkstationName: DESKTOP-3C51MIU
"
